Tamilnadu,Chennai,Chennai,Adambakkam
Tamilnadu,Chennai,Chennai,Adyar
Tamilnadu,Chennai,Chennai,Alwarpet
Tamilnadu,Chennai,Chennai,Alwarthirunagar
Tamilnadu,Chennai,Chennai,Aminjikarai
Tamilnadu,Chennai,Chennai,Anna Nagar
Tamilnadu,Chennai,Chennai,Arumbakkam
Tamilnadu,Chennai,Chennai,Ashok Nagar
Tamilnadu,Chennai,Chennai,Ayanavaram
Tamilnadu,Chennai,Chennai,Basin Bridge
Tamilnadu,Chennai,Chennai,Besant Nagar
Tamilnadu,Chennai,Chennai,Chetpauk
Tamilnadu,Chennai,Chennai,Chintadripet
Tamilnadu,Chennai,Chennai,Choolai
Tamilnadu,Chennai,Chennai,Choolaimedu
Tamilnadu,Chennai,Chennai,Chrompet
Tamilnadu,Chennai,Chennai,Egmore
Tamilnadu,Chennai,Chennai,Ekkaduthangal
Tamilnadu,Chennai,Chennai,Fort St.George
Tamilnadu,Chennai,Chennai,George Town
Tamilnadu,Chennai,Chennai,Guindy
Tamilnadu,Chennai,Chennai,ICF
Tamilnadu,Chennai,Chennai,IIT Madras
Tamilnadu,Chennai,Chennai,Iyappathangal
Tamilnadu,Chennai,Chennai,Jafferkhanpet
Tamilnadu,Chennai,Chennai,K.K. Nagar
Tamilnadu,Chennai,Chennai,Keelkattalai
Tamilnadu,Chennai,Chennai,Kilpauk
Tamilnadu,Chennai,Chennai,Kodambakkam
Tamilnadu,Chennai,Chennai,Kodungaiyur
Tamilnadu,Chennai,Chennai,Kolathur
Tamilnadu,Chennai,Chennai,Korattur
Tamilnadu,Chennai,Chennai,Korukkupet
Tamilnadu,Chennai,Chennai,Kottivakkam
Tamilnadu,Chennai,Chennai,Kotturpuram
Tamilnadu,Chennai,Chennai,Koyambedu
Tamilnadu,Chennai,Chennai,Madhavaram Paal Pannai
Tamilnadu,Chennai,Chennai,Madipakkam
Tamilnadu,Chennai,Chennai,Maduravoil
Tamilnadu,Chennai,Chennai,Mandaveli
Tamilnadu,Chennai,Chennai,Mathur
Tamilnadu,Chennai,Chennai,Minjur
Tamilnadu,Chennai,Chennai,MKB Nagar
Tamilnadu,Chennai,Chennai,Mogappair
Tamilnadu,Chennai,Chennai,Moulivakkam
Tamilnadu,Chennai,Chennai,Mount Road
Tamilnadu,Chennai,Chennai,Mugalivakkam
Tamilnadu,Chennai,Chennai,Mylapore
Tamilnadu,Chennai,Chennai,Nandanam
Tamilnadu,Chennai,Chennai,Nanganallur
Tamilnadu,Chennai,Chennai,Nesapakkam
Tamilnadu,Chennai,Chennai,Nungabakkam
Tamilnadu,Chennai,Chennai,Padi
Tamilnadu,Chennai,Chennai,Pallikaranai
Tamilnadu,Chennai,Chennai,Park Town
Tamilnadu,Chennai,Chennai,Parry's Corner
Tamilnadu,Chennai,Chennai,Pazhavanthangal
Tamilnadu,Chennai,Chennai,Perambur
Tamilnadu,Chennai,Chennai,Perambur Barracks
Tamilnadu,Chennai,Chennai,Peravallur
Tamilnadu,Chennai,Chennai,Porur
Tamilnadu,Chennai,Chennai,Pudupet
Tamilnadu,Chennai,Chennai,Purasaiwalkam
Tamilnadu,Chennai,Chennai,Raj Bhavan
Tamilnadu,Chennai,Chennai,Royapettah
Tamilnadu,Chennai,Chennai,Royapuram
Tamilnadu,Chennai,Chennai,Saidapet
Tamilnadu,Chennai,Chennai,Saligramam
Tamilnadu,Chennai,Chennai,Santhome
Tamilnadu,Chennai,Chennai,Shenoy Nagar
Tamilnadu,Chennai,Chennai,Sowcarpet
Tamilnadu,Chennai,Chennai,T. Nagar
Tamilnadu,Chennai,Chennai,Teynampet
Tamilnadu,Chennai,Chennai,Tharamani
Tamilnadu,Chennai,Chennai,Thirumangalam
Tamilnadu,Chennai,Chennai,Thiruvanmiyur
Tamilnadu,Chennai,Chennai,Tiruvallikeni
Tamilnadu,Chennai,Chennai,Tiruverkadu
Tamilnadu,Chennai,Chennai,United India Colony
Tamilnadu,Chennai,Chennai,Vadapalani
Tamilnadu,Chennai,Chennai,Valasaravakkam
Tamilnadu,Chennai,Chennai,Vanagaram
Tamilnadu,Chennai,Chennai,Vandalur
Tamilnadu,Chennai,Chennai,Velachery
Tamilnadu,Chennai,Chennai,Veppampattu
Tamilnadu,Chennai,Chennai,Virugambakkam
Tamilnadu,Chennai,Chennai,Vyasarpadi
Tamilnadu,Chennai,Chennai,Washermanpet
Tamilnadu,Chennai,Chennai,West Mambalam
Tamilnadu,Kanchipuram,Chennai-SubUrban,Acharapakkam
Tamilnadu,Kanchipuram,Chennai,Alandur
Tamilnadu,Kanchipuram,Chennai-SubUrban,Anakaputhur
Tamilnadu,Kanchipuram,Not Known,Ayyampettai
Tamilnadu,Kanchipuram,Not Known,Chemmanchery
Tamilnadu,Kanchipuram,Chennai-SubUrban,Chengalpattu
Tamilnadu,Kanchipuram,Chennai,Chitlapakkam
Tamilnadu,Kanchipuram,Chennai,Guduvanchery
Tamilnadu,Kanchipuram,Chennai,Injambakkam
Tamilnadu,Kanchipuram,Chennai-SubUrban,Karungulai
Tamilnadu,Kanchipuram,Chennai,Kelambakkam
Tamilnadu,Kanchipuram,Chennai,Kottivakkam
Tamilnadu,Kanchipuram,Chennai-SubUrban,Kundrathur
Tamilnadu,Kanchipuram,Chennai,Madambakkam
Tamilnadu,Kanchipuram,Chennai,Manapakkam
Tamilnadu,Kanchipuram,Chennai,Mangadu
Tamilnadu,Kanchipuram,Chennai-SubUrban,Maraimalai Nagar
Tamilnadu,Kanchipuram,Chennai,Medavakkam
Tamilnadu,Kanchipuram,Chennai,Neelangarai
Tamilnadu,Kanchipuram,Chennai-SubUrban,Oragadam
Tamilnadu,Kanchipuram,Chennai,Palavakkam
Tamilnadu,Kanchipuram,Chennai,Pallavaram
Tamilnadu,Kanchipuram,Chennai,Pammal
Tamilnadu,Kanchipuram,Chennai,Peerkankaranai
Tamilnadu,Kanchipuram,Chennai-SubUrban,Perungulathur
Tamilnadu,Kanchipuram,Chennai-SubUrban,Sholinganallur
Tamilnadu,Kanchipuram,Chennai,Singaperumalkoil
Tamilnadu,Kanchipuram,Chennai,St Thomos Mount
Tamilnadu,Kanchipuram,Chennai,Tambaram
Tamilnadu,Kanchipuram,Chennai-SubUrban,Tambaram
Tamilnadu,Kanchipuram,Chennai-SubUrban,Tambaram Sanatorium
Tamilnadu,Kanchipuram,Chennai-SubUrban,Thenambakkam
Tamilnadu,Kanchipuram,Chennai-SubUrban,Tirusulam
Tamilnadu,Kanchipuram,Chennai,Urapakkam
Tamilnadu,Kanchipuram,Chennai-SubUrban,Urapakkam
Tamilnadu,Kanchipuram,Chennai,Vandalur
Tamilnadu,Thiruvallur,Chennai,Ambathur
Tamilnadu,Thiruvallur,Chennai,Annanur
Tamilnadu,Thiruvallur,Chennai-SubUrban,Avadi
Tamilnadu,Thiruvallur,Chennai,Ennore
Tamilnadu,Thiruvallur,Chennai,Karapakkam
Tamilnadu,Thiruvallur,Chennai,Madhavaram
Tamilnadu,Thiruvallur,Chennai,Manali
Tamilnadu,Thiruvallur,Chennai,Manali New Town
Tamilnadu,Thiruvallur,Chennai,Moolaikadai
Tamilnadu,Thiruvallur,Chennai,Nolambur
Tamilnadu,Thiruvallur,Chennai,Pattabiram
Tamilnadu,Thiruvallur,Chennai,Poonamalle
Tamilnadu,Thiruvallur,Chennai,Puzhal
Tamilnadu,Thiruvallur,Chennai,Red Hills
Tamilnadu,Thiruvallur,Chennai,Thirumullaivoyal
Tamilnadu,Thiruvallur,Chennai,Thiruvotriyur
Tamilnadu,Thiruvallur,Chennai,Tondiarpet
Tamilnadu,Thiruvallur,Chennai,Vallalar Nagar
Tamilnadu,Thiruvallur,Chennai,Vinayagapuram
Tamilnadu,Thiruvallur,Chennai,Villivakkam
State,District,City,Area
Tamilnadu,Chennai,Chennai,Adambakkam
Tamilnadu,Chennai,Chennai,Adyar
Tamilnadu,Chennai,Chennai,Alwarpet
Tamilnadu,Chennai,Chennai,Alwarthirunagar
Tamilnadu,Chennai,Chennai,Aminjikarai
Tamilnadu,Chennai,Chennai,Anna Nagar
Tamilnadu,Chennai,Chennai,Arumbakkam
Tamilnadu,Chennai,Chennai,Ashok Nagar
Tamilnadu,Chennai,Chennai,Ayanavaram
Tamilnadu,Chennai,Chennai,Basin Bridge
Tamilnadu,Chennai,Chennai,Besant Nagar
Tamilnadu,Chennai,Chennai,Chetpauk
Tamilnadu,Chennai,Chennai,Chintadripet
Tamilnadu,Chennai,Chennai,Choolai
Tamilnadu,Chennai,Chennai,Choolaimedu
Tamilnadu,Chennai,Chennai,Chrompet
Tamilnadu,Chennai,Chennai,Egmore
Tamilnadu,Chennai,Chennai,Ekkaduthangal
Tamilnadu,Chennai,Chennai,Fort St.George
Tamilnadu,Chennai,Chennai,George Town
Tamilnadu,Chennai,Chennai,Guindy
Tamilnadu,Chennai,Chennai,ICF
Tamilnadu,Chennai,Chennai,IIT Madras
Tamilnadu,Chennai,Chennai,Iyappathangal
Tamilnadu,Chennai,Chennai,Jafferkhanpet
Tamilnadu,Chennai,Chennai,K.K. Nagar
Tamilnadu,Chennai,Chennai,Keelkattalai
Tamilnadu,Chennai,Chennai,Kilpauk
Tamilnadu,Chennai,Chennai,Kodambakkam
Tamilnadu,Chennai,Chennai,Kodungaiyur
Tamilnadu,Chennai,Chennai,Kolathur
Tamilnadu,Chennai,Chennai,Korattur
Tamilnadu,Chennai,Chennai,Korukkupet
Tamilnadu,Chennai,Chennai,Kottivakkam
Tamilnadu,Chennai,Chennai,Kotturpuram
Tamilnadu,Chennai,Chennai,Koyambedu
Tamilnadu,Chennai,Chennai,Madhavaram Paal Pannai
Tamilnadu,Chennai,Chennai,Madipakkam
Tamilnadu,Chennai,Chennai,Maduravoil
Tamilnadu,Chennai,Chennai,Mandaveli
Tamilnadu,Chennai,Chennai,Mathur
Tamilnadu,Chennai,Chennai,Minjur
Tamilnadu,Chennai,Chennai,MKB Nagar
Tamilnadu,Chennai,Chennai,Mogappair
Tamilnadu,Chennai,Chennai,Moulivakkam
Tamilnadu,Chennai,Chennai,Mount Road
Tamilnadu,Chennai,Chennai,Mugalivakkam
Tamilnadu,Chennai,Chennai,Mylapore
Tamilnadu,Chennai,Chennai,Nandanam
Tamilnadu,Chennai,Chennai,Nanganallur
Tamilnadu,Chennai,Chennai,Nesapakkam
Tamilnadu,Chennai,Chennai,Nungabakkam
Tamilnadu,Chennai,Chennai,Padi
Tamilnadu,Chennai,Chennai,Pallikaranai
Tamilnadu,Chennai,Chennai,Park Town
Tamilnadu,Chennai,Chennai,Parry's Corner
Tamilnadu,Chennai,Chennai,Pazhavanthangal
Tamilnadu,Chennai,Chennai,Perambur
Tamilnadu,Chennai,Chennai,Perambur Barracks
Tamilnadu,Chennai,Chennai,Peravallur
Tamilnadu,Chennai,Chennai,Porur
Tamilnadu,Chennai,Chennai,Pudupet
Tamilnadu,Chennai,Chennai,Purasaiwalkam
Tamilnadu,Chennai,Chennai,Raj Bhavan
Tamilnadu,Chennai,Chennai,Royapettah
Tamilnadu,Chennai,Chennai,Royapuram
Tamilnadu,Chennai,Chennai,Saidapet
Tamilnadu,Chennai,Chennai,Saligramam
Tamilnadu,Chennai,Chennai,Santhome
Tamilnadu,Chennai,Chennai,Shenoy Nagar
Tamilnadu,Chennai,Chennai,Sowcarpet
Tamilnadu,Chennai,Chennai,T. Nagar
Tamilnadu,Chennai,Chennai,Teynampet
Tamilnadu,Chennai,Chennai,Tharamani
Tamilnadu,Chennai,Chennai,Thirumangalam
Tamilnadu,Chennai,Chennai,Thiruvanmiyur
Tamilnadu,Chennai,Chennai,Tiruvallikeni
Tamilnadu,Chennai,Chennai,Tiruverkadu
Tamilnadu,Chennai,Chennai,United India Colony
Tamilnadu,Chennai,Chennai,Vadapalani
Tamilnadu,Chennai,Chennai,Valasaravakkam
Tamilnadu,Chennai,Chennai,Vanagaram
Tamilnadu,Chennai,Chennai,Vandalur
Tamilnadu,Chennai,Chennai,Velachery
Tamilnadu,Chennai,Chennai,Veppampattu
Tamilnadu,Chennai,Chennai,Virugambakkam
Tamilnadu,Chennai,Chennai,Vyasarpadi
Tamilnadu,Chennai,Chennai,Washermanpet
Tamilnadu,Chennai,Chennai,West Mambalam
Tamilnadu,Kanchipuram,Chennai-SubUrban,Acharapakkam
Tamilnadu,Kanchipuram,Chennai,Alandur
Tamilnadu,Kanchipuram,Chennai-SubUrban,Anakaputhur
Tamilnadu,Kanchipuram,Not Known,Ayyampettai
Tamilnadu,Kanchipuram,Not Known,Chemmanchery
Tamilnadu,Kanchipuram,Chennai-SubUrban,Chengalpattu
Tamilnadu,Kanchipuram,Chennai,Chitlapakkam
Tamilnadu,Kanchipuram,Chennai,Guduvanchery
Tamilnadu,Kanchipuram,Chennai,Injambakkam
Tamilnadu,Kanchipuram,Chennai-SubUrban,Karungulai
Tamilnadu,Kanchipuram,Chennai,Kelambakkam
Tamilnadu,Kanchipuram,Chennai,Kottivakkam
Tamilnadu,Kanchipuram,Chennai-SubUrban,Kundrathur
Tamilnadu,Kanchipuram,Chennai,Madambakkam
Tamilnadu,Kanchipuram,Chennai,Manapakkam
Tamilnadu,Kanchipuram,Chennai,Mangadu
Tamilnadu,Kanchipuram,Chennai-SubUrban,Maraimalai Nagar
Tamilnadu,Kanchipuram,Chennai,Medavakkam
Tamilnadu,Kanchipuram,Chennai,Neelangarai
Tamilnadu,Kanchipuram,Chennai-SubUrban,Oragadam
Tamilnadu,Kanchipuram,Chennai,Palavakkam
Tamilnadu,Kanchipuram,Chennai,Pallavaram
Tamilnadu,Kanchipuram,Chennai,Pammal
Tamilnadu,Kanchipuram,Chennai,Peerkankaranai
Tamilnadu,Kanchipuram,Chennai-SubUrban,Perungulathur
Tamilnadu,Kanchipuram,Chennai-SubUrban,Sholinganallur
Tamilnadu,Kanchipuram,Chennai,Singaperumalkoil
Tamilnadu,Kanchipuram,Chennai,St Thomos Mount
Tamilnadu,Kanchipuram,Chennai,Tambaram
Tamilnadu,Kanchipuram,Chennai-SubUrban,Tambaram
Tamilnadu,Kanchipuram,Chennai-SubUrban,Tambaram Sanatorium
Tamilnadu,Kanchipuram,Chennai-SubUrban,Thenambakkam
Tamilnadu,Kanchipuram,Chennai-SubUrban,Tirusulam
Tamilnadu,Kanchipuram,Chennai,Urapakkam
Tamilnadu,Kanchipuram,Chennai-SubUrban,Urapakkam
Tamilnadu,Kanchipuram,Chennai,Vandalur
Tamilnadu,Thiruvallur,Chennai,Ambathur
Tamilnadu,Thiruvallur,Chennai,Annanur
Tamilnadu,Thiruvallur,Chennai-SubUrban,Avadi
Tamilnadu,Thiruvallur,Chennai,Ennore
Tamilnadu,Thiruvallur,Chennai,Karapakkam
Tamilnadu,Thiruvallur,Chennai,Madhavaram
Tamilnadu,Thiruvallur,Chennai,Manali
Tamilnadu,Thiruvallur,Chennai,Manali New Town
Tamilnadu,Thiruvallur,Chennai,Moolaikadai
Tamilnadu,Thiruvallur,Chennai,Nolambur
Tamilnadu,Thiruvallur,Chennai,Pattabiram
Tamilnadu,Thiruvallur,Chennai,Poonamalle
Tamilnadu,Thiruvallur,Chennai,Puzhal
Tamilnadu,Thiruvallur,Chennai,Red Hills
Tamilnadu,Thiruvallur,Chennai,Thirumullaivoyal
Tamilnadu,Thiruvallur,Chennai,Thiruvotriyur
Tamilnadu,Thiruvallur,Chennai,Tondiarpet
Tamilnadu,Thiruvallur,Chennai,Vallalar Nagar
Tamilnadu,Thiruvallur,Chennai,Vinayagapuram
Tamilnadu,Thiruvallur,Chennai,Villivakkam
State,District,City,Area
Tamilnadu,Chennai,Chennai,Adambakkam
Tamilnadu,Chennai,Chennai,Adyar
Tamilnadu,Chennai,Chennai,Alwarpet
Tamilnadu,Chennai,Chennai,Alwarthirunagar
Tamilnadu,Chennai,Chennai,Aminjikarai
Tamilnadu,Chennai,Chennai,Anna Nagar
Tamilnadu,Chennai,Chennai,Arumbakkam
Tamilnadu,Chennai,Chennai,Ashok Nagar
Tamilnadu,Chennai,Chennai,Ayanavaram
Tamilnadu,Chennai,Chennai,Basin Bridge
Tamilnadu,Chennai,Chennai,Besant Nagar
Tamilnadu,Chennai,Chennai,Chetpauk
Tamilnadu,Chennai,Chennai,Chintadripet
Tamilnadu,Chennai,Chennai,Choolai
Tamilnadu,Chennai,Chennai,Choolaimedu
Tamilnadu,Chennai,Chennai,Chrompet
Tamilnadu,Chennai,Chennai,Egmore
Tamilnadu,Chennai,Chennai,Ekkaduthangal
Tamilnadu,Chennai,Chennai,Fort St.George
Tamilnadu,Chennai,Chennai,George Town
Tamilnadu,Chennai,Chennai,Guindy
Tamilnadu,Chennai,Chennai,ICF
Tamilnadu,Chennai,Chennai,IIT Madras
Tamilnadu,Chennai,Chennai,Iyappathangal
Tamilnadu,Chennai,Chennai,Jafferkhanpet
Tamilnadu,Chennai,Chennai,K.K. Nagar
Tamilnadu,Chennai,Chennai,Keelkattalai
Tamilnadu,Chennai,Chennai,Kilpauk
Tamilnadu,Chennai,Chennai,Kodambakkam
Tamilnadu,Chennai,Chennai,Kodungaiyur
Tamilnadu,Chennai,Chennai,Kolathur
Tamilnadu,Chennai,Chennai,Korattur
Tamilnadu,Chennai,Chennai,Korukkupet
Tamilnadu,Chennai,Chennai,Kottivakkam
Tamilnadu,Chennai,Chennai,Kotturpuram
Tamilnadu,Chennai,Chennai,Koyambedu
Tamilnadu,Chennai,Chennai,Madhavaram Paal Pannai
Tamilnadu,Chennai,Chennai,Madipakkam
Tamilnadu,Chennai,Chennai,Maduravoil
Tamilnadu,Chennai,Chennai,Mandaveli
Tamilnadu,Chennai,Chennai,Mathur
Tamilnadu,Chennai,Chennai,Minjur
Tamilnadu,Chennai,Chennai,MKB Nagar
Tamilnadu,Chennai,Chennai,Mogappair
Tamilnadu,Chennai,Chennai,Moulivakkam
Tamilnadu,Chennai,Chennai,Mount Road
Tamilnadu,Chennai,Chennai,Mugalivakkam
Tamilnadu,Chennai,Chennai,Mylapore
Tamilnadu,Chennai,Chennai,Nandanam
Tamilnadu,Chennai,Chennai,Nanganallur
Tamilnadu,Chennai,Chennai,Nesapakkam
Tamilnadu,Chennai,Chennai,Nungabakkam
Tamilnadu,Chennai,Chennai,Padi
Tamilnadu,Chennai,Chennai,Pallikaranai
Tamilnadu,Chennai,Chennai,Park Town
Tamilnadu,Chennai,Chennai,Parry's Corner
Tamilnadu,Chennai,Chennai,Pazhavanthangal
Tamilnadu,Chennai,Chennai,Perambur
Tamilnadu,Chennai,Chennai,Perambur Barracks
Tamilnadu,Chennai,Chennai,Peravallur
Tamilnadu,Chennai,Chennai,Porur
Tamilnadu,Chennai,Chennai,Pudupet
Tamilnadu,Chennai,Chennai,Purasaiwalkam
Tamilnadu,Chennai,Chennai,Raj Bhavan
Tamilnadu,Chennai,Chennai,Royapettah
Tamilnadu,Chennai,Chennai,Royapuram
Tamilnadu,Chennai,Chennai,Saidapet
Tamilnadu,Chennai,Chennai,Saligramam
Tamilnadu,Chennai,Chennai,Santhome
Tamilnadu,Chennai,Chennai,Shenoy Nagar
Tamilnadu,Chennai,Chennai,Sowcarpet
Tamilnadu,Chennai,Chennai,T. Nagar
Tamilnadu,Chennai,Chennai,Teynampet
Tamilnadu,Chennai,Chennai,Tharamani
Tamilnadu,Chennai,Chennai,Thirumangalam
Tamilnadu,Chennai,Chennai,Thiruvanmiyur
Tamilnadu,Chennai,Chennai,Tiruvallikeni
Tamilnadu,Chennai,Chennai,Tiruverkadu
Tamilnadu,Chennai,Chennai,United India Colony
Tamilnadu,Chennai,Chennai,Vadapalani
Tamilnadu,Chennai,Chennai,Valasaravakkam
Tamilnadu,Chennai,Chennai,Vanagaram
Tamilnadu,Chennai,Chennai,Vandalur
Tamilnadu,Chennai,Chennai,Velachery
Tamilnadu,Chennai,Chennai,Veppampattu
Tamilnadu,Chennai,Chennai,Virugambakkam
Tamilnadu,Chennai,Chennai,Vyasarpadi
Tamilnadu,Chennai,Chennai,Washermanpet
Tamilnadu,Chennai,Chennai,West Mambalam
Tamilnadu,Kanchipuram,Chennai-SubUrban,Acharapakkam
Tamilnadu,Kanchipuram,Chennai,Alandur
Tamilnadu,Kanchipuram,Chennai-SubUrban,Anakaputhur
Tamilnadu,Kanchipuram,Not Known,Ayyampettai
Tamilnadu,Kanchipuram,Not Known,Chemmanchery
Tamilnadu,Kanchipuram,Chennai-SubUrban,Chengalpattu
Tamilnadu,Kanchipuram,Chennai,Chitlapakkam
Tamilnadu,Kanchipuram,Chennai,Guduvanchery
Tamilnadu,Kanchipuram,Chennai,Injambakkam
Tamilnadu,Kanchipuram,Chennai-SubUrban,Karungulai
Tamilnadu,Kanchipuram,Chennai,Kelambakkam
Tamilnadu,Kanchipuram,Chennai,Kottivakkam
Tamilnadu,Kanchipuram,Chennai-SubUrban,Kundrathur
Tamilnadu,Kanchipuram,Chennai,Madambakkam
Tamilnadu,Kanchipuram,Chennai,Manapakkam
Tamilnadu,Kanchipuram,Chennai,Mangadu
Tamilnadu,Kanchipuram,Chennai-SubUrban,Maraimalai Nagar
Tamilnadu,Kanchipuram,Chennai,Medavakkam
Tamilnadu,Kanchipuram,Chennai,Neelangarai
Tamilnadu,Kanchipuram,Chennai-SubUrban,Oragadam
Tamilnadu,Kanchipuram,Chennai,Palavakkam
Tamilnadu,Kanchipuram,Chennai,Pallavaram
Tamilnadu,Kanchipuram,Chennai,Pammal
Tamilnadu,Kanchipuram,Chennai,Peerkankaranai
Tamilnadu,Kanchipuram,Chennai-SubUrban,Perungulathur
Tamilnadu,Kanchipuram,Chennai-SubUrban,Sholinganallur
Tamilnadu,Kanchipuram,Chennai,Singaperumalkoil
Tamilnadu,Kanchipuram,Chennai,St Thomos Mount
Tamilnadu,Kanchipuram,Chennai,Tambaram
Tamilnadu,Kanchipuram,Chennai-SubUrban,Tambaram
Tamilnadu,Kanchipuram,Chennai-SubUrban,Tambaram Sanatorium
Tamilnadu,Kanchipuram,Chennai-SubUrban,Thenambakkam
Tamilnadu,Kanchipuram,Chennai-SubUrban,Tirusulam
Tamilnadu,Kanchipuram,Chennai,Urapakkam
Tamilnadu,Kanchipuram,Chennai-SubUrban,Urapakkam
Tamilnadu,Kanchipuram,Chennai,Vandalur
Tamilnadu,Thiruvallur,Chennai,Ambathur
Tamilnadu,Thiruvallur,Chennai,Annanur
Tamilnadu,Thiruvallur,Chennai-SubUrban,Avadi
Tamilnadu,Thiruvallur,Chennai,Ennore
Tamilnadu,Thiruvallur,Chennai,Karapakkam
Tamilnadu,Thiruvallur,Chennai,Madhavaram
Tamilnadu,Thiruvallur,Chennai,Manali
Tamilnadu,Thiruvallur,Chennai,Manali New Town
Tamilnadu,Thiruvallur,Chennai,Moolaikadai
Tamilnadu,Thiruvallur,Chennai,Nolambur
Tamilnadu,Thiruvallur,Chennai,Pattabiram
Tamilnadu,Thiruvallur,Chennai,Poonamalle
Tamilnadu,Thiruvallur,Chennai,Puzhal
Tamilnadu,Thiruvallur,Chennai,Red Hills
Tamilnadu,Thiruvallur,Chennai,Thirumullaivoyal
Tamilnadu,Thiruvallur,Chennai,Thiruvotriyur
Tamilnadu,Thiruvallur,Chennai,Tondiarpet
Tamilnadu,Thiruvallur,Chennai,Vallalar Nagar
Tamilnadu,Thiruvallur,Chennai,Vinayagapuram
Tamilnadu,Thiruvallur,Chennai,Villivakkam
State,District,City,Area
Tamilnadu,Chennai,Chennai,Adambakkam
Tamilnadu,Chennai,Chennai,Adyar
Tamilnadu,Chennai,Chennai,Alwarpet
Tamilnadu,Chennai,Chennai,Alwarthirunagar
Tamilnadu,Chennai,Chennai,Aminjikarai
Tamilnadu,Chennai,Chennai,Anna Nagar
Tamilnadu,Chennai,Chennai,Arumbakkam
Tamilnadu,Chennai,Chennai,Ashok Nagar
Tamilnadu,Chennai,Chennai,Ayanavaram
Tamilnadu,Chennai,Chennai,Basin Bridge
Tamilnadu,Chennai,Chennai,Besant Nagar
Tamilnadu,Chennai,Chennai,Chetpauk
Tamilnadu,Chennai,Chennai,Chintadripet
Tamilnadu,Chennai,Chennai,Choolai
Tamilnadu,Chennai,Chennai,Choolaimedu
Tamilnadu,Chennai,Chennai,Chrompet
Tamilnadu,Chennai,Chennai,Egmore
Tamilnadu,Chennai,Chennai,Ekkaduthangal
Tamilnadu,Chennai,Chennai,Fort St.George
Tamilnadu,Chennai,Chennai,George Town
Tamilnadu,Chennai,Chennai,Guindy
Tamilnadu,Chennai,Chennai,ICF
Tamilnadu,Chennai,Chennai,IIT Madras
Tamilnadu,Chennai,Chennai,Iyappathangal
Tamilnadu,Chennai,Chennai,Jafferkhanpet
Tamilnadu,Chennai,Chennai,K.K. Nagar
Tamilnadu,Chennai,Chennai,Keelkattalai
Tamilnadu,Chennai,Chennai,Kilpauk
Tamilnadu,Chennai,Chennai,Kodambakkam
Tamilnadu,Chennai,Chennai,Kodungaiyur
Tamilnadu,Chennai,Chennai,Kolathur
Tamilnadu,Chennai,Chennai,Korattur
Tamilnadu,Chennai,Chennai,Korukkupet
Tamilnadu,Chennai,Chennai,Kottivakkam
Tamilnadu,Chennai,Chennai,Kotturpuram
Tamilnadu,Chennai,Chennai,Koyambedu
Tamilnadu,Chennai,Chennai,Madhavaram Paal Pannai
Tamilnadu,Chennai,Chennai,Madipakkam
Tamilnadu,Chennai,Chennai,Maduravoil
Tamilnadu,Chennai,Chennai,Mandaveli
Tamilnadu,Chennai,Chennai,Mathur
Tamilnadu,Chennai,Chennai,Minjur
Tamilnadu,Chennai,Chennai,MKB Nagar
Tamilnadu,Chennai,Chennai,Mogappair
Tamilnadu,Chennai,Chennai,Moulivakkam
Tamilnadu,Chennai,Chennai,Mount Road
Tamilnadu,Chennai,Chennai,Mugalivakkam
Tamilnadu,Chennai,Chennai,Mylapore
Tamilnadu,Chennai,Chennai,Nandanam
Tamilnadu,Chennai,Chennai,Nanganallur
Tamilnadu,Chennai,Chennai,Nesapakkam
Tamilnadu,Chennai,Chennai,Nungabakkam
Tamilnadu,Chennai,Chennai,Padi
Tamilnadu,Chennai,Chennai,Pallikaranai
Tamilnadu,Chennai,Chennai,Park Town
Tamilnadu,Chennai,Chennai,Parry's Corner
Tamilnadu,Chennai,Chennai,Pazhavanthangal
Tamilnadu,Chennai,Chennai,Perambur
Tamilnadu,Chennai,Chennai,Perambur Barracks
Tamilnadu,Chennai,Chennai,Peravallur
Tamilnadu,Chennai,Chennai,Porur
Tamilnadu,Chennai,Chennai,Pudupet
Tamilnadu,Chennai,Chennai,Purasaiwalkam
Tamilnadu,Chennai,Chennai,Raj Bhavan
Tamilnadu,Chennai,Chennai,Royapettah
Tamilnadu,Chennai,Chennai,Royapuram
Tamilnadu,Chennai,Chennai,Saidapet
Tamilnadu,Chennai,Chennai,Saligramam
Tamilnadu,Chennai,Chennai,Santhome
Tamilnadu,Chennai,Chennai,Shenoy Nagar
Tamilnadu,Chennai,Chennai,Sowcarpet
Tamilnadu,Chennai,Chennai,T. Nagar
Tamilnadu,Chennai,Chennai,Teynampet
Tamilnadu,Chennai,Chennai,Tharamani
Tamilnadu,Chennai,Chennai,Thirumangalam
Tamilnadu,Chennai,Chennai,Thiruvanmiyur
Tamilnadu,Chennai,Chennai,Tiruvallikeni
Tamilnadu,Chennai,Chennai,Tiruverkadu
Tamilnadu,Chennai,Chennai,United India Colony
Tamilnadu,Chennai,Chennai,Vadapalani
Tamilnadu,Chennai,Chennai,Valasaravakkam
Tamilnadu,Chennai,Chennai,Vanagaram
Tamilnadu,Chennai,Chennai,Vandalur
Tamilnadu,Chennai,Chennai,Velachery
Tamilnadu,Chennai,Chennai,Veppampattu
Tamilnadu,Chennai,Chennai,Virugambakkam
Tamilnadu,Chennai,Chennai,Vyasarpadi
Tamilnadu,Chennai,Chennai,Washermanpet
Tamilnadu,Chennai,Chennai,West Mambalam
Tamilnadu,Kanchipuram,Chennai-SubUrban,Acharapakkam
Tamilnadu,Kanchipuram,Chennai,Alandur
Tamilnadu,Kanchipuram,Chennai-SubUrban,Anakaputhur
Tamilnadu,Kanchipuram,Not Known,Ayyampettai
Tamilnadu,Kanchipuram,Not Known,Chemmanchery
Tamilnadu,Kanchipuram,Chennai-SubUrban,Chengalpattu
Tamilnadu,Kanchipuram,Chennai,Chitlapakkam
Tamilnadu,Kanchipuram,Chennai,Guduvanchery
Tamilnadu,Kanchipuram,Chennai,Injambakkam
Tamilnadu,Kanchipuram,Chennai-SubUrban,Karungulai
Tamilnadu,Kanchipuram,Chennai,Kelambakkam
Tamilnadu,Kanchipuram,Chennai,Kottivakkam
Tamilnadu,Kanchipuram,Chennai-SubUrban,Kundrathur
Tamilnadu,Kanchipuram,Chennai,Madambakkam
Tamilnadu,Kanchipuram,Chennai,Manapakkam
Tamilnadu,Kanchipuram,Chennai,Mangadu
Tamilnadu,Kanchipuram,Chennai-SubUrban,Maraimalai Nagar
Tamilnadu,Kanchipuram,Chennai,Medavakkam
Tamilnadu,Kanchipuram,Chennai,Neelangarai
Tamilnadu,Kanchipuram,Chennai-SubUrban,Oragadam
Tamilnadu,Kanchipuram,Chennai,Palavakkam
Tamilnadu,Kanchipuram,Chennai,Pallavaram
Tamilnadu,Kanchipuram,Chennai,Pammal
Tamilnadu,Kanchipuram,Chennai,Peerkankaranai
Tamilnadu,Kanchipuram,Chennai-SubUrban,Perungulathur
Tamilnadu,Kanchipuram,Chennai-SubUrban,Sholinganallur
Tamilnadu,Kanchipuram,Chennai,Singaperumalkoil
Tamilnadu,Kanchipuram,Chennai,St Thomos Mount
Tamilnadu,Kanchipuram,Chennai,Tambaram
Tamilnadu,Kanchipuram,Chennai-SubUrban,Tambaram
Tamilnadu,Kanchipuram,Chennai-SubUrban,Tambaram Sanatorium
Tamilnadu,Kanchipuram,Chennai-SubUrban,Thenambakkam
Tamilnadu,Kanchipuram,Chennai-SubUrban,Tirusulam
Tamilnadu,Kanchipuram,Chennai,Urapakkam
Tamilnadu,Kanchipuram,Chennai-SubUrban,Urapakkam
Tamilnadu,Kanchipuram,Chennai,Vandalur
Tamilnadu,Thiruvallur,Chennai,Ambathur
Tamilnadu,Thiruvallur,Chennai,Annanur
Tamilnadu,Thiruvallur,Chennai-SubUrban,Avadi
Tamilnadu,Thiruvallur,Chennai,Ennore
Tamilnadu,Thiruvallur,Chennai,Karapakkam
Tamilnadu,Thiruvallur,Chennai,Madhavaram
Tamilnadu,Thiruvallur,Chennai,Manali
Tamilnadu,Thiruvallur,Chennai,Manali New Town
Tamilnadu,Thiruvallur,Chennai,Moolaikadai
Tamilnadu,Thiruvallur,Chennai,Nolambur
Tamilnadu,Thiruvallur,Chennai,Pattabiram
Tamilnadu,Thiruvallur,Chennai,Poonamalle
Tamilnadu,Thiruvallur,Chennai,Puzhal
Tamilnadu,Thiruvallur,Chennai,Red Hills
Tamilnadu,Thiruvallur,Chennai,Thirumullaivoyal
Tamilnadu,Thiruvallur,Chennai,Thiruvotriyur
Tamilnadu,Thiruvallur,Chennai,Tondiarpet
Tamilnadu,Thiruvallur,Chennai,Vallalar Nagar
Tamilnadu,Thiruvallur,Chennai,Vinayagapuram
Tamilnadu,Thiruvallur,Chennai,Villivakkam
State,District,City,Area
Tamilnadu,Chennai,Chennai,Adambakkam
Tamilnadu,Chennai,Chennai,Adyar
Tamilnadu,Chennai,Chennai,Alwarpet
Tamilnadu,Chennai,Chennai,Alwarthirunagar
Tamilnadu,Chennai,Chennai,Aminjikarai
Tamilnadu,Chennai,Chennai,Anna Nagar
Tamilnadu,Chennai,Chennai,Arumbakkam
Tamilnadu,Chennai,Chennai,Ashok Nagar
Tamilnadu,Chennai,Chennai,Ayanavaram
Tamilnadu,Chennai,Chennai,Basin Bridge
Tamilnadu,Chennai,Chennai,Besant Nagar
Tamilnadu,Chennai,Chennai,Chetpauk
Tamilnadu,Chennai,Chennai,Chintadripet
Tamilnadu,Chennai,Chennai,Choolai
Tamilnadu,Chennai,Chennai,Choolaimedu
Tamilnadu,Chennai,Chennai,Chrompet
Tamilnadu,Chennai,Chennai,Egmore
Tamilnadu,Chennai,Chennai,Ekkaduthangal
Tamilnadu,Chennai,Chennai,Fort St.George
Tamilnadu,Chennai,Chennai,George Town
Tamilnadu,Chennai,Chennai,Guindy
Tamilnadu,Chennai,Chennai,ICF
Tamilnadu,Chennai,Chennai,IIT Madras
Tamilnadu,Chennai,Chennai,Iyappathangal
Tamilnadu,Chennai,Chennai,Jafferkhanpet
Tamilnadu,Chennai,Chennai,K.K. Nagar
Tamilnadu,Chennai,Chennai,Keelkattalai
Tamilnadu,Chennai,Chennai,Kilpauk
Tamilnadu,Chennai,Chennai,Kodambakkam
Tamilnadu,Chennai,Chennai,Kodungaiyur
Tamilnadu,Chennai,Chennai,Kolathur
Tamilnadu,Chennai,Chennai,Korattur
Tamilnadu,Chennai,Chennai,Korukkupet
Tamilnadu,Chennai,Chennai,Kottivakkam
Tamilnadu,Chennai,Chennai,Kotturpuram
Tamilnadu,Chennai,Chennai,Koyambedu
Tamilnadu,Chennai,Chennai,Madhavaram Paal Pannai
Tamilnadu,Chennai,Chennai,Madipakkam
Tamilnadu,Chennai,Chennai,Maduravoil
Tamilnadu,Chennai,Chennai,Mandaveli
Tamilnadu,Chennai,Chennai,Mathur
Tamilnadu,Chennai,Chennai,Minjur
Tamilnadu,Chennai,Chennai,MKB Nagar
Tamilnadu,Chennai,Chennai,Mogappair
Tamilnadu,Chennai,Chennai,Moulivakkam
Tamilnadu,Chennai,Chennai,Mount Road
Tamilnadu,Chennai,Chennai,Mugalivakkam
Tamilnadu,Chennai,Chennai,Mylapore
Tamilnadu,Chennai,Chennai,Nandanam
Tamilnadu,Chennai,Chennai,Nanganallur
Tamilnadu,Chennai,Chennai,Nesapakkam
Tamilnadu,Chennai,Chennai,Nungabakkam
Tamilnadu,Chennai,Chennai,Padi
Tamilnadu,Chennai,Chennai,Pallikaranai
Tamilnadu,Chennai,Chennai,Park Town
Tamilnadu,Chennai,Chennai,Parry's Corner
Tamilnadu,Chennai,Chennai,Pazhavanthangal
Tamilnadu,Chennai,Chennai,Perambur
Tamilnadu,Chennai,Chennai,Perambur Barracks
Tamilnadu,Chennai,Chennai,Peravallur
Tamilnadu,Chennai,Chennai,Porur
Tamilnadu,Chennai,Chennai,Pudupet
Tamilnadu,Chennai,Chennai,Purasaiwalkam
Tamilnadu,Chennai,Chennai,Raj Bhavan
Tamilnadu,Chennai,Chennai,Royapettah
Tamilnadu,Chennai,Chennai,Royapuram
Tamilnadu,Chennai,Chennai,Saidapet
Tamilnadu,Chennai,Chennai,Saligramam
Tamilnadu,Chennai,Chennai,Santhome
Tamilnadu,Chennai,Chennai,Shenoy Nagar
Tamilnadu,Chennai,Chennai,Sowcarpet
Tamilnadu,Chennai,Chennai,T. Nagar
Tamilnadu,Chennai,Chennai,Teynampet
Tamilnadu,Chennai,Chennai,Tharamani
Tamilnadu,Chennai,Chennai,Thirumangalam
Tamilnadu,Chennai,Chennai,Thiruvanmiyur
Tamilnadu,Chennai,Chennai,Tiruvallikeni
Tamilnadu,Chennai,Chennai,Tiruverkadu
Tamilnadu,Chennai,Chennai,United India Colony
Tamilnadu,Chennai,Chennai,Vadapalani
Tamilnadu,Chennai,Chennai,Valasaravakkam
Tamilnadu,Chennai,Chennai,Vanagaram
Tamilnadu,Chennai,Chennai,Vandalur
Tamilnadu,Chennai,Chennai,Velachery
Tamilnadu,Chennai,Chennai,Veppampattu
Tamilnadu,Chennai,Chennai,Virugambakkam
Tamilnadu,Chennai,Chennai,Vyasarpadi
Tamilnadu,Chennai,Chennai,Washermanpet
Tamilnadu,Chennai,Chennai,West Mambalam
Tamilnadu,Kanchipuram,Chennai-SubUrban,Acharapakkam
Tamilnadu,Kanchipuram,Chennai,Alandur
Tamilnadu,Kanchipuram,Chennai-SubUrban,Anakaputhur
Tamilnadu,Kanchipuram,Not Known,Ayyampettai
Tamilnadu,Kanchipuram,Not Known,Chemmanchery
Tamilnadu,Kanchipuram,Chennai-SubUrban,Chengalpattu
Tamilnadu,Kanchipuram,Chennai,Chitlapakkam
Tamilnadu,Kanchipuram,Chennai,Guduvanchery
Tamilnadu,Kanchipuram,Chennai,Injambakkam
Tamilnadu,Kanchipuram,Chennai-SubUrban,Karungulai
Tamilnadu,Kanchipuram,Chennai,Kelambakkam
Tamilnadu,Kanchipuram,Chennai,Kottivakkam
Tamilnadu,Kanchipuram,Chennai-SubUrban,Kundrathur
Tamilnadu,Kanchipuram,Chennai,Madambakkam
Tamilnadu,Kanchipuram,Chennai,Manapakkam
Tamilnadu,Kanchipuram,Chennai,Mangadu
Tamilnadu,Kanchipuram,Chennai-SubUrban,Maraimalai Nagar
Tamilnadu,Kanchipuram,Chennai,Medavakkam
Tamilnadu,Kanchipuram,Chennai,Neelangarai
Tamilnadu,Kanchipuram,Chennai-SubUrban,Oragadam
Tamilnadu,Kanchipuram,Chennai,Palavakkam
Tamilnadu,Kanchipuram,Chennai,Pallavaram
Tamilnadu,Kanchipuram,Chennai,Pammal
Tamilnadu,Kanchipuram,Chennai,Peerkankaranai
Tamilnadu,Kanchipuram,Chennai-SubUrban,Perungulathur
Tamilnadu,Kanchipuram,Chennai-SubUrban,Sholinganallur
Tamilnadu,Kanchipuram,Chennai,Singaperumalkoil
Tamilnadu,Kanchipuram,Chennai,St Thomos Mount
Tamilnadu,Kanchipuram,Chennai,Tambaram
Tamilnadu,Kanchipuram,Chennai-SubUrban,Tambaram
Tamilnadu,Kanchipuram,Chennai-SubUrban,Tambaram Sanatorium
Tamilnadu,Kanchipuram,Chennai-SubUrban,Thenambakkam
Tamilnadu,Kanchipuram,Chennai-SubUrban,Tirusulam
Tamilnadu,Kanchipuram,Chennai,Urapakkam
Tamilnadu,Kanchipuram,Chennai-SubUrban,Urapakkam
Tamilnadu,Kanchipuram,Chennai,Vandalur
Tamilnadu,Thiruvallur,Chennai,Ambathur
Tamilnadu,Thiruvallur,Chennai,Annanur
Tamilnadu,Thiruvallur,Chennai-SubUrban,Avadi
Tamilnadu,Thiruvallur,Chennai,Ennore
Tamilnadu,Thiruvallur,Chennai,Karapakkam
Tamilnadu,Thiruvallur,Chennai,Madhavaram
Tamilnadu,Thiruvallur,Chennai,Manali
Tamilnadu,Thiruvallur,Chennai,Manali New Town
Tamilnadu,Thiruvallur,Chennai,Moolaikadai
Tamilnadu,Thiruvallur,Chennai,Nolambur
Tamilnadu,Thiruvallur,Chennai,Pattabiram
Tamilnadu,Thiruvallur,Chennai,Poonamalle
Tamilnadu,Thiruvallur,Chennai,Puzhal
Tamilnadu,Thiruvallur,Chennai,Red Hills
Tamilnadu,Thiruvallur,Chennai,Thirumullaivoyal
Tamilnadu,Thiruvallur,Chennai,Thiruvotriyur
Tamilnadu,Thiruvallur,Chennai,Tondiarpet
Tamilnadu,Thiruvallur,Chennai,Vallalar Nagar
Tamilnadu,Thiruvallur,Chennai,Vinayagapuram
Tamilnadu,Thiruvallur,Chennai,Villivakkam
State,District,City,Area
Tamilnadu,Chennai,Chennai,Adambakkam
Tamilnadu,Chennai,Chennai,Adyar
Tamilnadu,Chennai,Chennai,Alwarpet
Tamilnadu,Chennai,Chennai,Alwarthirunagar
Tamilnadu,Chennai,Chennai,Aminjikarai
Tamilnadu,Chennai,Chennai,Anna Nagar
Tamilnadu,Chennai,Chennai,Arumbakkam
Tamilnadu,Chennai,Chennai,Ashok Nagar
Tamilnadu,Chennai,Chennai,Ayanavaram
Tamilnadu,Chennai,Chennai,Basin Bridge
Tamilnadu,Chennai,Chennai,Besant Nagar
Tamilnadu,Chennai,Chennai,Chetpauk
Tamilnadu,Chennai,Chennai,Chintadripet
Tamilnadu,Chennai,Chennai,Choolai
Tamilnadu,Chennai,Chennai,Choolaimedu
Tamilnadu,Chennai,Chennai,Chrompet
Tamilnadu,Chennai,Chennai,Egmore
Tamilnadu,Chennai,Chennai,Ekkaduthangal
Tamilnadu,Chennai,Chennai,Fort St.George
Tamilnadu,Chennai,Chennai,George Town
Tamilnadu,Chennai,Chennai,Guindy
Tamilnadu,Chennai,Chennai,ICF
Tamilnadu,Chennai,Chennai,IIT Madras
Tamilnadu,Chennai,Chennai,Iyappathangal
Tamilnadu,Chennai,Chennai,Jafferkhanpet
Tamilnadu,Chennai,Chennai,K.K. Nagar
Tamilnadu,Chennai,Chennai,Keelkattalai
Tamilnadu,Chennai,Chennai,Kilpauk
Tamilnadu,Chennai,Chennai,Kodambakkam
Tamilnadu,Chennai,Chennai,Kodungaiyur
Tamilnadu,Chennai,Chennai,Kolathur
Tamilnadu,Chennai,Chennai,Korattur
Tamilnadu,Chennai,Chennai,Korukkupet
Tamilnadu,Chennai,Chennai,Kottivakkam
Tamilnadu,Chennai,Chennai,Kotturpuram
Tamilnadu,Chennai,Chennai,Koyambedu
Tamilnadu,Chennai,Chennai,Madhavaram Paal Pannai
Tamilnadu,Chennai,Chennai,Madipakkam
Tamilnadu,Chennai,Chennai,Maduravoil
Tamilnadu,Chennai,Chennai,Mandaveli
Tamilnadu,Chennai,Chennai,Mathur
Tamilnadu,Chennai,Chennai,Minjur
Tamilnadu,Chennai,Chennai,MKB Nagar
Tamilnadu,Chennai,Chennai,Mogappair
Tamilnadu,Chennai,Chennai,Moulivakkam
Tamilnadu,Chennai,Chennai,Mount Road
Tamilnadu,Chennai,Chennai,Mugalivakkam
Tamilnadu,Chennai,Chennai,Mylapore
Tamilnadu,Chennai,Chennai,Nandanam
Tamilnadu,Chennai,Chennai,Nanganallur
Tamilnadu,Chennai,Chennai,Nesapakkam
Tamilnadu,Chennai,Chennai,Nungabakkam
Tamilnadu,Chennai,Chennai,Padi
Tamilnadu,Chennai,Chennai,Pallikaranai
Tamilnadu,Chennai,Chennai,Park Town
Tamilnadu,Chennai,Chennai,Parry's Corner
Tamilnadu,Chennai,Chennai,Pazhavanthangal
Tamilnadu,Chennai,Chennai,Perambur
Tamilnadu,Chennai,Chennai,Perambur Barracks
Tamilnadu,Chennai,Chennai,Peravallur
Tamilnadu,Chennai,Chennai,Porur
Tamilnadu,Chennai,Chennai,Pudupet
Tamilnadu,Chennai,Chennai,Purasaiwalkam
Tamilnadu,Chennai,Chennai,Raj Bhavan
Tamilnadu,Chennai,Chennai,Royapettah
Tamilnadu,Chennai,Chennai,Royapuram
Tamilnadu,Chennai,Chennai,Saidapet
Tamilnadu,Chennai,Chennai,Saligramam
Tamilnadu,Chennai,Chennai,Santhome
Tamilnadu,Chennai,Chennai,Shenoy Nagar
Tamilnadu,Chennai,Chennai,Sowcarpet
Tamilnadu,Chennai,Chennai,T. Nagar
Tamilnadu,Chennai,Chennai,Teynampet
Tamilnadu,Chennai,Chennai,Tharamani
Tamilnadu,Chennai,Chennai,Thirumangalam
Tamilnadu,Chennai,Chennai,Thiruvanmiyur
Tamilnadu,Chennai,Chennai,Tiruvallikeni
Tamilnadu,Chennai,Chennai,Tiruverkadu
Tamilnadu,Chennai,Chennai,United India Colony
Tamilnadu,Chennai,Chennai,Vadapalani
Tamilnadu,Chennai,Chennai,Valasaravakkam
Tamilnadu,Chennai,Chennai,Vanagaram
Tamilnadu,Chennai,Chennai,Vandalur
Tamilnadu,Chennai,Chennai,Velachery
Tamilnadu,Chennai,Chennai,Veppampattu
Tamilnadu,Chennai,Chennai,Virugambakkam
Tamilnadu,Chennai,Chennai,Vyasarpadi
Tamilnadu,Chennai,Chennai,Washermanpet
Tamilnadu,Chennai,Chennai,West Mambalam
Tamilnadu,Kanchipuram,Chennai-SubUrban,Acharapakkam
Tamilnadu,Kanchipuram,Chennai,Alandur
Tamilnadu,Kanchipuram,Chennai-SubUrban,Anakaputhur
Tamilnadu,Kanchipuram,Not Known,Ayyampettai
Tamilnadu,Kanchipuram,Not Known,Chemmanchery
Tamilnadu,Kanchipuram,Chennai-SubUrban,Chengalpattu
Tamilnadu,Kanchipuram,Chennai,Chitlapakkam
Tamilnadu,Kanchipuram,Chennai,Guduvanchery
Tamilnadu,Kanchipuram,Chennai,Injambakkam
Tamilnadu,Kanchipuram,Chennai-SubUrban,Karungulai
Tamilnadu,Kanchipuram,Chennai,Kelambakkam
Tamilnadu,Kanchipuram,Chennai,Kottivakkam
Tamilnadu,Kanchipuram,Chennai-SubUrban,Kundrathur
Tamilnadu,Kanchipuram,Chennai,Madambakkam
Tamilnadu,Kanchipuram,Chennai,Manapakkam
Tamilnadu,Kanchipuram,Chennai,Mangadu
Tamilnadu,Kanchipuram,Chennai-SubUrban,Maraimalai Nagar
Tamilnadu,Kanchipuram,Chennai,Medavakkam
Tamilnadu,Kanchipuram,Chennai,Neelangarai
Tamilnadu,Kanchipuram,Chennai-SubUrban,Oragadam
Tamilnadu,Kanchipuram,Chennai,Palavakkam
Tamilnadu,Kanchipuram,Chennai,Pallavaram
Tamilnadu,Kanchipuram,Chennai,Pammal
Tamilnadu,Kanchipuram,Chennai,Peerkankaranai
Tamilnadu,Kanchipuram,Chennai-SubUrban,Perungulathur
Tamilnadu,Kanchipuram,Chennai-SubUrban,Sholinganallur
Tamilnadu,Kanchipuram,Chennai,Singaperumalkoil
Tamilnadu,Kanchipuram,Chennai,St Thomos Mount
Tamilnadu,Kanchipuram,Chennai,Tambaram
Tamilnadu,Kanchipuram,Chennai-SubUrban,Tambaram
Tamilnadu,Kanchipuram,Chennai-SubUrban,Tambaram Sanatorium
Tamilnadu,Kanchipuram,Chennai-SubUrban,Thenambakkam
Tamilnadu,Kanchipuram,Chennai-SubUrban,Tirusulam
Tamilnadu,Kanchipuram,Chennai,Urapakkam
Tamilnadu,Kanchipuram,Chennai-SubUrban,Urapakkam
Tamilnadu,Kanchipuram,Chennai,Vandalur
Tamilnadu,Thiruvallur,Chennai,Ambathur
Tamilnadu,Thiruvallur,Chennai,Annanur
Tamilnadu,Thiruvallur,Chennai-SubUrban,Avadi
Tamilnadu,Thiruvallur,Chennai,Ennore
Tamilnadu,Thiruvallur,Chennai,Karapakkam
Tamilnadu,Thiruvallur,Chennai,Madhavaram
Tamilnadu,Thiruvallur,Chennai,Manali
Tamilnadu,Thiruvallur,Chennai,Manali New Town
Tamilnadu,Thiruvallur,Chennai,Moolaikadai
Tamilnadu,Thiruvallur,Chennai,Nolambur
Tamilnadu,Thiruvallur,Chennai,Pattabiram
Tamilnadu,Thiruvallur,Chennai,Poonamalle
Tamilnadu,Thiruvallur,Chennai,Puzhal
Tamilnadu,Thiruvallur,Chennai,Red Hills
Tamilnadu,Thiruvallur,Chennai,Thirumullaivoyal
Tamilnadu,Thiruvallur,Chennai,Thiruvotriyur
Tamilnadu,Thiruvallur,Chennai,Tondiarpet
Tamilnadu,Thiruvallur,Chennai,Vallalar Nagar
Tamilnadu,Thiruvallur,Chennai,Vinayagapuram
Tamilnadu,Thiruvallur,Chennai,Villivakkam
